case,family,gate,phase,step_start,step_stop,n_steps,reward_mean,reward_no_penalty_mean,fallback_penalty_mean,fallback_penalty_sum,rmse_eta,rmse_T,rmse_mean,target_tracking_rmse_mean,diagnostic_unsafe_rate,actual_intervention_rate,fallback_verified_rate,reward_fallback_active_rate,target_success_rate,target_quality_ok_rate,candidate_contraction_ok_rate,applied_contraction_ok_rate,executed_action_gap_inf_mean,executed_action_gap_inf_max,target_mismatch_inf_mean,target_mismatch_inf_max,contraction_margin_candidate_max,contraction_margin_candidate_p95
Cold start + gate,Cold start,True,BC,0,16000,16000,-28.60704496364331,-28.44999460149712,0.15705036214619025,2512.805794339044,0.28358982084540263,0.8745311262143457,0.5790604735298741,0.3731378324361019,0.0,0.0156875,0.0080625,0.0156875,0.9925,,0.9843125,0.9904375,0.0007558609507518568,0.2159945905208609,1.051507885640824,8.705232100096286,0.0029643127247851453,-0.0026122483231475415
Cold start + gate,Cold start,True,handoff,16000,20000,4000,-12.139590894051295,-10.396222074621484,1.7433688194298087,6973.475277719235,0.16830301440932546,0.4114953251844508,0.2898991697968881,0.3208558315512298,0.0,0.0465,0.03625,0.0465,0.98975,,0.9535,0.98575,0.08325692992999285,10.140484425642706,0.7691530120439818,5.501167700016943,0.21232015131074888,-0.000887596926805239
Cold start + gate,Cold start,True,full_RL,20000,240000,220000,-7.111226399141706,-5.861377139610198,1.2498492595315074,274966.83709693165,0.12184311972840473,0.2600469225600449,0.19094502114422482,0.22274840995698136,0.0,0.021463636363636365,0.01598181818181818,0.021463636363636365,0.9945681818181819,,0.9785363636363636,0.9926954545454545,0.05554974086605254,16.788171739939102,0.48134740147498317,5.146886604539896,0.6163523943946103,-0.0021490144458767685
Cold start + gate,Cold start,True,last_50,200000,240000,40000,-7.089043265303281,-5.240103502471891,1.8489397628313897,73957.59051325559,0.12440874893498335,0.25493044503204404,0.1896695969835137,0.20452734895096186,0.0,0.034025,0.029,0.034025,0.99505,,0.965975,0.992,0.08215001937469615,16.788171739939102,0.400745123320461,5.109097986811491,0.6163523943946103,-0.0007037250256512164
Cold start no gate,Cold start,False,BC,0,16000,16000,-29.33023376247244,-29.33023376247244,0.0,0.0,0.28172992532472957,0.9392148514161699,0.6104723883704497,0.36706795771141,0.01325,0.0,0.0,0.0,0.9949375,,0.98675,0.98675,0.0,0.0,1.071677774767121,9.33125194042859,0.00273449543843185,-0.0029013476053278914
Cold start no gate,Cold start,False,handoff,16000,20000,4000,-8.373156058796077,-8.373156058796077,0.0,0.0,0.15259813623610652,0.4257367877650795,0.289167462000593,0.27907131403130514,0.11875,0.0,0.0,0.0,0.9895,,0.88125,0.88125,0.0,0.0,0.6148283763072275,5.090450785504375,0.2961097716229517,0.003405786052450151
Cold start no gate,Cold start,False,full_RL,20000,240000,220000,-5.041495618038592,-5.041495618038592,0.0,0.0,0.11507371839555772,0.23126054852604475,0.17316713346080123,0.2122592552511997,0.02339090909090909,0.0,0.0,0.0,0.9940863636363636,,0.9766090909090909,0.9766090909090909,0.0,0.0,0.4509172792331584,5.140607744791807,0.5835976218691599,-0.0016036530311288185
Cold start no gate,Cold start,False,last_50,200000,240000,40000,-3.9681503001321086,-3.9681503001321086,0.0,0.0,0.11289169365220864,0.1976936012490256,0.1552926474506171,0.18868542579134956,0.034225,0.0,0.0,0.0,0.99515,,0.965775,0.965775,0.0,0.0,0.34848499117930615,5.002757398320087,0.5552236597026194,-0.00048251095612355903
OF-MPC pretrained + gate,OF-MPC pretrained,True,BC,0,16000,16000,-16.792998137392065,-16.739237778481545,0.05376035891051859,860.1657425682974,0.214741443891734,0.7039271787292736,0.4593343113105038,0.2773771704012866,0.0,0.005375,0.0051875,0.005375,0.9998125,,0.994625,0.999,0.00011058576796712961,0.05273801455327298,0.673562744635898,7.472529192514319,0.00033885091267826795,-0.0009622473520047386
OF-MPC pretrained + gate,OF-MPC pretrained,True,handoff,16000,24000,8000,-31.614237817612615,-31.14101483949375,0.4732229781188647,3785.7838249509177,0.2768263357262983,1.0741012265477883,0.6754637811370433,0.41042311010816995,0.0,0.013625,0.00925,0.013625,0.995625,,0.986375,0.9935,0.019830570848309036,9.624146858952926,0.9592665415996565,9.557580008171293,0.4475443729981521,-0.0008504104757721589
OF-MPC pretrained + gate,OF-MPC pretrained,True,full_RL,24000,240000,216000,-6.861891098754661,-5.37099573050141,1.4908953682532513,322033.3995427023,0.12718924547708868,0.26112701375513425,0.19415812961611145,0.19524997886771858,0.0,0.029875,0.025967592592592594,0.029875,0.9961435185185186,,0.970125,0.9936481481481482,0.06109980434809825,17.23042151643131,0.3933493459423586,5.674243694794733,0.6847480260606176,-0.0005878942874678287
OF-MPC pretrained + gate,OF-MPC pretrained,True,last_50,200000,240000,40000,-6.6945530488007785,-5.2178436550643905,1.4767093937363878,59068.37574945551,0.12710882022196132,0.25552629720756354,0.19131755871476241,0.19192768117502917,0.0,0.02725,0.02345,0.02725,0.9962,,0.97275,0.993625,0.057384366727677286,13.079258032999444,0.3593862941988047,5.017221545599625,0.6047159130633304,-0.0004572564769566521
OF-MPC pretrained no gate,OF-MPC pretrained,False,BC,0,16000,16000,-13.83093270580867,-13.83093270580867,0.0,0.0,0.19803546367517313,0.6125958331694914,0.40531564842233225,0.2740381374089585,0.0055625,0.0,0.0,0.0,0.9993125,,0.9944375,0.9944375,0.0,0.0,0.6649365710626538,9.58929451228082,0.0004855527893141698,-0.0010169962717874394
OF-MPC pretrained no gate,OF-MPC pretrained,False,handoff,16000,24000,8000,-17.710422312383326,-17.710422312383326,0.0,0.0,0.22196533383635808,0.7097082759963262,0.46583680491634216,0.3257825486436734,0.02275,0.0,0.0,0.0,0.99325,,0.97725,0.97725,0.0,0.0,0.8886480332724903,5.490769971906243,0.14881324449719457,-0.0008941614485638658
OF-MPC pretrained no gate,OF-MPC pretrained,False,full_RL,24000,240000,216000,-4.373181939882942,-4.373181939882942,0.0,0.0,0.11627967146855911,0.23418364950886392,0.17523166048871153,0.19239316963980066,0.0512962962962963,0.0,0.0,0.0,0.9951111111111111,,0.9487037037037037,0.9487037037037037,0.0,0.0,0.3633203120144111,7.995280041451547,0.6415922549585247,-0.00010356427965513995
OF-MPC pretrained no gate,OF-MPC pretrained,False,last_50,200000,240000,40000,-3.9454679434292186,-3.9454679434292186,0.0,0.0,0.11299722805046995,0.1982593088947306,0.15562826847260028,0.18581904707143182,0.02175,0.0,0.0,0.0,0.994525,,0.97825,0.97825,0.0,0.0,0.32412607980422375,5.011005334952252,0.5864104662134508,-0.0006071492483891768
