case,batch,window,block,n_steps,reward_mean,reward_no_penalty_mean,output0_rmse,output1_rmse,output_rmse_mean,actual_intervention_rate,diagnostic_unsafe_rate
LMPC pretrained + gate,bounded_mixed,all episodes,S1 high,120000,-9.258175481916332,-7.473135747508599,0.1374560391626415,0.4143006847884361,0.27587836197553883,0.024825,0.0
LMPC pretrained + gate,bounded_mixed,all episodes,S2 low,120000,-9.952577558836337,-9.023425465329357,0.15833948826785402,0.431444692394379,0.2948920903311165,0.015091666666666666,0.0
LMPC pretrained + gate,bounded_mixed,tail 50,S1 high,20000,-6.60594455687695,-4.376583646728952,0.10704662388699208,0.21709788110973208,0.16207225249836207,0.04085,0.0
LMPC pretrained + gate,bounded_mixed,tail 50,S2 low,20000,-7.529175693236718,-5.780861774122043,0.12977908315848588,0.24527295353817222,0.18752601834832905,0.0395,0.0
LMPC pretrained + gate,governed_reference,all episodes,S1 high,120000,-9.973727265048687,-7.506377844135727,0.13581057883026515,0.38853958341928946,0.2621750811247773,0.04554166666666667,0.0
LMPC pretrained + gate,governed_reference,all episodes,S2 low,120000,-11.428573032142888,-10.124234833112267,0.16718154990247308,0.46180022461070486,0.31449088725658897,0.04174166666666667,0.0
LMPC pretrained + gate,governed_reference,tail 50,S1 high,20000,-8.826327078996043,-4.83389783427327,0.10195110788867819,0.21657307358142422,0.1592620907350512,0.0676,0.0
LMPC pretrained + gate,governed_reference,tail 50,S2 low,20000,-6.442643558780701,-5.308023868074717,0.12667068046074548,0.22876906665243962,0.17771987355659255,0.0315,0.0
OF-MPC pretrained + gate,bounded_mixed,all episodes,S1 high,120000,-8.65921466124895,-7.406855939068271,0.13635327637767358,0.4383586583047219,0.2873559673411977,0.020033333333333334,0.0
OF-MPC pretrained + gate,bounded_mixed,all episodes,S2 low,120000,-10.163093196452204,-9.02630479651924,0.1606071153421899,0.42399178255223163,0.29229944894721077,0.028108333333333332,0.0
OF-MPC pretrained + gate,bounded_mixed,tail 50,S1 high,20000,-5.228000884688519,-3.9828329148919925,0.1059450091061072,0.21849407433649615,0.16221954172130168,0.01995,0.0
OF-MPC pretrained + gate,bounded_mixed,tail 50,S2 low,20000,-7.463247432092394,-5.822663534419343,0.13398455364336778,0.25094379952910867,0.1924641765862382,0.05275,0.0
OF-MPC pretrained + gate,governed_reference,all episodes,S1 high,120000,-8.853745218547047,-6.808023386703218,0.13236149965578384,0.35808390760035913,0.24522270362807147,0.03944166666666667,0.0
OF-MPC pretrained + gate,governed_reference,all episodes,S2 low,120000,-12.843375190399192,-10.64785928568528,0.16761546680757033,0.48316173439039556,0.32538860059898295,0.046441666666666666,0.0
OF-MPC pretrained + gate,governed_reference,tail 50,S1 high,20000,-6.183855023777953,-4.01430458580576,0.10081194722705963,0.19881364633030663,0.14981279677868314,0.0337,0.0
OF-MPC pretrained + gate,governed_reference,tail 50,S2 low,20000,-6.264103104812828,-5.330119818827831,0.12590477708475606,0.23662709637931398,0.181265936732035,0.02235,0.0
LMPC pretrained no gate,bounded_mixed,all episodes,S1 high,120000,-127.20250643307695,-127.20250643307695,0.21086020082163104,3.427276729929721,1.8190684653756761,0.0,0.022225
LMPC pretrained no gate,bounded_mixed,all episodes,S2 low,120000,-13.290517053289701,-13.290517053289701,0.1822615624464175,0.6655910366943548,0.4239262995703862,0.0,0.027466666666666667
LMPC pretrained no gate,bounded_mixed,tail 50,S1 high,20000,-3.4374025711640184,-3.4374025711640184,0.10173509508750099,0.19954672549932756,0.15064091029341428,0.0,0.05995
LMPC pretrained no gate,bounded_mixed,tail 50,S2 low,20000,-5.134778086402486,-5.134778086402486,0.12883479647777116,0.23748885984783116,0.18316182816280116,0.0,0.0542
LMPC pretrained no gate,governed_reference,all episodes,S1 high,120000,-127.20250643307695,-127.20250643307695,0.21086020082163104,3.427276729929721,1.8190684653756761,0.0,0.07208333333333333
LMPC pretrained no gate,governed_reference,all episodes,S2 low,120000,-13.290517053289701,-13.290517053289701,0.1822615624464175,0.6655910366943548,0.4239262995703862,0.0,0.06458333333333334
LMPC pretrained no gate,governed_reference,tail 50,S1 high,20000,-3.4374025711640184,-3.4374025711640184,0.10173509508750099,0.19954672549932756,0.15064091029341428,0.0,0.0373
LMPC pretrained no gate,governed_reference,tail 50,S2 low,20000,-5.134778086402486,-5.134778086402486,0.12883479647777116,0.23748885984783116,0.18316182816280116,0.0,0.0189
OF-MPC pretrained no gate,bounded_mixed,all episodes,S1 high,120000,-5.6334686883756735,-5.6334686883756735,0.12487680469117055,0.34664219636156146,0.23575950052636602,0.0,0.04975
OF-MPC pretrained no gate,bounded_mixed,all episodes,S2 low,120000,-8.083018111694784,-8.083018111694784,0.15139614309039603,0.4313616957827656,0.29137891943658084,0.0,0.04956666666666667
OF-MPC pretrained no gate,bounded_mixed,tail 50,S1 high,20000,-3.213405922475701,-3.213405922475701,0.09916592361855946,0.18624083625662916,0.1427033799375943,0.0,0.08615
OF-MPC pretrained no gate,bounded_mixed,tail 50,S2 low,20000,-4.859053058892593,-4.859053058892593,0.1266589218089815,0.2136272509407785,0.17014308637488001,0.0,0.0223
OF-MPC pretrained no gate,governed_reference,all episodes,S1 high,120000,-5.6334686883756735,-5.6334686883756735,0.12487680469117055,0.34664219636156146,0.23575950052636602,0.0,0.08789166666666667
OF-MPC pretrained no gate,governed_reference,all episodes,S2 low,120000,-8.083018111694784,-8.083018111694784,0.15139614309039603,0.4313616957827656,0.29137891943658084,0.0,0.069575
OF-MPC pretrained no gate,governed_reference,tail 50,S1 high,20000,-3.213405922475701,-3.213405922475701,0.09916592361855946,0.18624083625662916,0.1427033799375943,0.0,0.02445
OF-MPC pretrained no gate,governed_reference,tail 50,S2 low,20000,-4.859053058892593,-4.859053058892593,0.1266589218089815,0.2136272509407785,0.17014308637488001,0.0,0.01305
Cold start + gate,bounded_mixed,all episodes,S1 high,120000,-21.361230135973834,-19.754791917975822,0.18173373487315156,0.9905510579152947,0.5861423963942232,0.023291666666666665,0.0
Cold start + gate,bounded_mixed,all episodes,S2 low,120000,-15.1203385482157,-14.005081900848285,0.18597618027447527,0.6049933312245607,0.39548475574951797,0.022508333333333335,0.0
Cold start + gate,bounded_mixed,tail 50,S1 high,20000,-6.846451366659387,-4.344952417860356,0.10343949580758578,0.20946394699029547,0.15645172139894062,0.0447,0.0
Cold start + gate,bounded_mixed,tail 50,S2 low,20000,-7.446134008785546,-5.680092005802885,0.12817701514775307,0.2408852767003094,0.18453114592403125,0.04385,0.0
Cold start + gate,governed_reference,all episodes,S1 high,120000,-19.1815168247422,-16.3304659642496,0.1877204630970679,0.7202999335662789,0.4540101983316734,0.043175,0.0
Cold start + gate,governed_reference,all episodes,S2 low,120000,-16.57997013097058,-14.777751706207306,0.18671236814839393,0.6329186995994179,0.4098155338739059,0.03364166666666667,0.0
Cold start + gate,governed_reference,tail 50,S1 high,20000,-6.531165169731361,-4.181999169766523,0.09977099004836641,0.1995522224326631,0.14966160624051475,0.0439,0.0
Cold start + gate,governed_reference,tail 50,S2 low,20000,-6.424710340452405,-5.34078731836318,0.1265980016303389,0.23010284845072035,0.17835042504052961,0.0283,0.0
Cold start no gate,bounded_mixed,all episodes,S1 high,120000,-12.093654069428274,-12.093654069428274,0.1710355838129563,0.5991365098772495,0.38508604684510295,0.0,0.034508333333333335
Cold start no gate,bounded_mixed,all episodes,S2 low,120000,-12.627884038692622,-12.627884038692622,0.1777805560630081,0.5908654234176645,0.3843229897403363,0.0,0.03795
Cold start no gate,bounded_mixed,tail 50,S1 high,20000,-3.1870096862770265,-3.1870096862770265,0.09877896182084546,0.18361120351392157,0.1411950826673835,0.0,0.05955
Cold start no gate,bounded_mixed,tail 50,S2 low,20000,-4.770407584030954,-4.770407584030954,0.1252810671373397,0.21414674175052478,0.16971390444393225,0.0,0.0982
Cold start no gate,governed_reference,all episodes,S1 high,120000,-12.093654069428274,-12.093654069428274,0.1710355838129563,0.5991365098772495,0.38508604684510295,0.0,0.056383333333333334
Cold start no gate,governed_reference,all episodes,S2 low,120000,-12.627884038692622,-12.627884038692622,0.1777805560630081,0.5908654234176645,0.3843229897403363,0.0,0.045491666666666666
Cold start no gate,governed_reference,tail 50,S1 high,20000,-3.1870096862770265,-3.1870096862770265,0.09877896182084546,0.18361120351392157,0.1411950826673835,0.0,0.02255
Cold start no gate,governed_reference,tail 50,S2 low,20000,-4.770407584030954,-4.770407584030954,0.1252810671373397,0.21414674175052478,0.16971390444393225,0.0,0.02435
Direct LMPC baseline,bounded_mixed,all episodes,S1 high,120000,-11.391899310394097,-11.391899310394097,0.18145065691145937,0.5413510179470958,0.3614008374292776,0.0,0.0
Direct LMPC baseline,bounded_mixed,all episodes,S2 low,120000,-13.58618548365628,-13.58618548365628,0.19962135879270185,0.5883318408415721,0.39397659981713695,0.0,0.0
Direct LMPC baseline,bounded_mixed,tail 50,S1 high,20000,-11.07951964460211,-11.07951964460211,0.1797286075879236,0.5271213964633769,0.35342500202565025,0.0,0.0
Direct LMPC baseline,bounded_mixed,tail 50,S2 low,20000,-13.381719665635208,-13.381719665635208,0.19880721291661255,0.577626808321327,0.38821701061896974,0.0,0.0
Direct LMPC baseline,governed_reference,all episodes,S1 high,120000,-11.381522006048955,-11.381522006048955,0.18135328263502443,0.5412254026727111,0.3612893426538678,0.0,0.0
Direct LMPC baseline,governed_reference,all episodes,S2 low,120000,-13.616309908562359,-13.616309908562359,0.20012590937807337,0.5863956068342682,0.3932607581061708,0.0,0.0
Direct LMPC baseline,governed_reference,tail 50,S1 high,20000,-11.030015610552926,-11.030015610552926,0.1792585936168252,0.5265036983477613,0.35288114598229325,0.0,0.0
Direct LMPC baseline,governed_reference,tail 50,S2 low,20000,-13.381281966541396,-13.381281966541396,0.19929660834812393,0.5732246051074061,0.386260606727765,0.0,0.0
OF-MPC baseline,bounded_mixed,all episodes,S1 high,120000,-11.384761837942978,-11.384761837942978,0.18138009396335183,0.5412866001570341,0.361333347060193,0.0,0.0
OF-MPC baseline,bounded_mixed,all episodes,S2 low,120000,-13.576124413898174,-13.576124413898174,0.19956116286878234,0.5880400162777535,0.3938005895732679,0.0,0.0
OF-MPC baseline,bounded_mixed,tail 50,S1 high,20000,-11.035164204872496,-11.035164204872496,0.17930513216982213,0.5265806840442668,0.3529429081070445,0.0,0.0
OF-MPC baseline,bounded_mixed,tail 50,S2 low,20000,-13.319024598448374,-13.319024598448374,0.19844325234661087,0.5756770500963083,0.3870601512214596,0.0,0.0
OF-MPC baseline,governed_reference,all episodes,S1 high,120000,-11.384761837942978,-11.384761837942978,0.18138009396335183,0.5412866001570341,0.361333347060193,0.0,0.0
OF-MPC baseline,governed_reference,all episodes,S2 low,120000,-13.576124413898174,-13.576124413898174,0.19956116286878234,0.5880400162777535,0.3938005895732679,0.0,0.0036666666666666666
OF-MPC baseline,governed_reference,tail 50,S1 high,20000,-11.035164204872496,-11.035164204872496,0.17930513216982213,0.5265806840442668,0.3529429081070445,0.0,0.0
OF-MPC baseline,governed_reference,tail 50,S2 low,20000,-13.319024598448374,-13.319024598448374,0.19844325234661087,0.5756770500963083,0.3870601512214596,0.0,0.005
