case,batch,phase,n_episodes,reward_no_penalty,reward,fallback_penalty,output_rmse,actual_intervention_rate,diagnostic_unsafe_rate,teacher_gap,handoff_gap,executed_gap
LMPC pretrained + gate,old_noise,BC,20,-28.772233575996275,-28.862904092689625,0.0906705166933505,0.5771195571795148,0.008937500000000003,0.0,0.19662309619407053,nan,0.0015867714788765951
LMPC pretrained + gate,old_noise,handoff,5,-18.865390885367756,-18.959979059223738,0.09458817385598424,0.4598605081254221,0.00475,0.0,0.21952368747044648,0.35040008471287465,0.005761120031669584
LMPC pretrained + gate,old_noise,early full,50,-10.97212571061915,-11.646804990421044,0.6746792798018931,0.3531881444433151,0.008374999999999999,0.0,nan,nan,0.027567373299941078
LMPC pretrained + gate,old_noise,mid full,175,-5.72668648529541,-7.279066989651975,1.552380504356564,0.20208399973265168,0.019185714285714285,0.0,nan,nan,0.061675794091750766
LMPC pretrained + gate,old_noise,tail 50,50,-5.078722710425498,-7.0675601250568345,1.9888374146313368,0.17464069562569454,0.04017500000000001,0.0,nan,nan,0.09503618872436835
LMPC pretrained + gate,low_noise,BC,20,-12.420579820810927,-12.420579820810927,0.0,0.37725283319496583,0.0,0.0,7.407063806160775e-08,nan,0.0
LMPC pretrained + gate,low_noise,handoff,5,-103.21529149512028,-103.22352565655895,0.00823416143865588,0.9785644673532516,0.00075,0.0,0.567533402387685,0.7464548903598538,0.0003723852250996934
LMPC pretrained + gate,low_noise,early full,50,-6986.501392195197,-6987.827517057755,1.3261248625584474,3.8462981726537904,0.011025,0.0,nan,nan,0.04455430042405462
LMPC pretrained + gate,low_noise,mid full,175,-5.889928047835287,-7.4692021286490125,1.579274080813726,0.21657127149432479,0.021407142857142857,0.0,nan,nan,0.06589507092768522
LMPC pretrained + gate,low_noise,tail 50,50,-4.924372401160287,-6.405621115683844,1.4812487145235553,0.1784936318106552,0.028374999999999997,0.0,nan,nan,0.06606958305358551
OF-MPC pretrained + gate,old_noise,BC,20,-32.88804597666151,-34.26729022515961,1.3792442484980938,0.6327340024656564,0.017375,0.0,0.19658271634645982,nan,0.04701624134361565
OF-MPC pretrained + gate,old_noise,handoff,5,-23.282261499524584,-23.348242062286282,0.0659805627617003,0.5927566272293256,0.00225,0.0,0.15226087445804976,0.2049861820702527,0.003364465946508035
OF-MPC pretrained + gate,old_noise,early full,50,-11.534103538176915,-12.27681654193647,0.7427130037595571,0.3373705443306671,0.0076500000000000005,0.0,nan,nan,0.027763389259554988
OF-MPC pretrained + gate,old_noise,mid full,175,-4.9654816866608265,-6.229355021852592,1.263873335191763,0.18191511609367006,0.026642857142857145,0.0,nan,nan,0.06179233955417472
OF-MPC pretrained + gate,old_noise,tail 50,50,-4.902748224655667,-6.345624158390455,1.4428759337347885,0.17692106684556944,0.03635,0.0,nan,nan,0.07360746190724751
OF-MPC pretrained + gate,low_noise,BC,20,-12.419647663735557,-12.419647663735557,0.0,0.3772560413096878,0.0,0.0,7.433813503900967e-08,nan,0.0
OF-MPC pretrained + gate,low_noise,handoff,5,-79.56160904457207,-79.78108219110024,0.2194731465281782,0.8577540232711629,0.0072499999999999995,0.0,0.17930882738674533,0.43400669478910764,0.011572211143978781
OF-MPC pretrained + gate,low_noise,early full,50,-1149.3605745313412,-1149.687146692234,0.32657216089270347,2.6084006452345703,0.00485,0.0,nan,nan,0.014728824566963686
OF-MPC pretrained + gate,low_noise,mid full,175,-13.424467591276521,-14.74417736683288,1.3197097755563556,0.32940091275026157,0.017092857142857146,0.0,nan,nan,0.05247762635519045
OF-MPC pretrained + gate,low_noise,tail 50,50,-5.844277643924926,-8.723679920511856,2.8794022765869305,0.187744680150409,0.041199999999999994,0.0,nan,nan,0.11186429604646851
LMPC pretrained no gate,old_noise,BC,20,-17.11432668510014,-17.11432668510014,0.0,0.4558864717973418,0.0,0.0164375,0.19676195993879464,nan,0.0
LMPC pretrained no gate,old_noise,handoff,5,-11.264098611048814,-11.264098611048814,0.0,0.3941537226920092,0.0,0.0,0.17484065268932747,0.20646713618334286,0.0
LMPC pretrained no gate,old_noise,early full,50,-392.4240878924522,-392.4240878924522,0.0,0.7956883661935152,0.0,0.0083,nan,nan,0.0
LMPC pretrained no gate,old_noise,mid full,175,-4.799071915062726,-4.799071915062726,0.0,0.18809108759286808,0.0,0.02203571428571429,nan,nan,0.0
LMPC pretrained no gate,old_noise,tail 50,50,-4.286090328783253,-4.286090328783253,0.0,0.16765577198970127,0.0,0.057074999999999994,nan,nan,0.0
LMPC pretrained no gate,low_noise,BC,20,-12.419647663735557,-12.419647663735557,0.0,0.3772560413096878,0.0,0.0,7.433813503900967e-08,nan,0.0
LMPC pretrained no gate,low_noise,handoff,5,-112.10829160797987,-112.10829160797987,0.0,0.8186547092200925,0.0,0.0017500000000000003,0.3904020455679604,0.5614832911473244,0.0
LMPC pretrained no gate,low_noise,early full,50,-843.0253534081701,-843.0253534081701,0.0,1.6028573316491679,0.0,0.010125,nan,nan,0.0
LMPC pretrained no gate,low_noise,mid full,175,-5.448323276704504,-5.448323276704504,0.0,0.19813070932933974,0.0,0.03037857142857143,nan,nan,0.0
LMPC pretrained no gate,low_noise,tail 50,50,-4.093965687035875,-4.093965687035875,0.0,0.15966651830619985,0.0,0.07375,nan,nan,0.0
OF-MPC pretrained no gate,old_noise,BC,20,-17.11432668510014,-17.11432668510014,0.0,0.4558864717973418,0.0,0.0164375,0.19676195993879464,nan,0.0
OF-MPC pretrained no gate,old_noise,handoff,5,-14.97715593517131,-14.97715593517131,0.0,0.3987254985246917,0.0,0.0035000000000000005,0.1349625616841058,0.1577439298899774,0.0
OF-MPC pretrained no gate,old_noise,early full,50,-13.246329290913614,-13.246329290913614,0.0,0.3400291026933814,0.0,0.014300000000000002,nan,nan,0.0
OF-MPC pretrained no gate,old_noise,mid full,175,-4.435272957444694,-4.435272957444694,0.0,0.1730294037527005,0.0,0.06357142857142858,nan,nan,0.0
OF-MPC pretrained no gate,old_noise,tail 50,50,-4.036229490684147,-4.036229490684147,0.0,0.1570550141025229,0.0,0.05422500000000001,nan,nan,0.0
OF-MPC pretrained no gate,low_noise,BC,20,-12.419647663735557,-12.419647663735557,0.0,0.3772560413096878,0.0,0.0,7.433813503900967e-08,nan,0.0
OF-MPC pretrained no gate,low_noise,handoff,5,-77.25732298327765,-77.25732298327765,0.0,0.8279133855111223,0.0,0.004000000000000001,0.15147486004050878,0.38645044676711054,0.0
OF-MPC pretrained no gate,low_noise,early full,50,-57.964733836662255,-57.964733836662255,0.0,0.7663879477618267,0.0,0.004475,nan,nan,0.0
OF-MPC pretrained no gate,low_noise,mid full,175,-6.2196015635731055,-6.2196015635731055,0.0,0.2287988602691707,0.0,0.026792857142857153,nan,nan,0.0
OF-MPC pretrained no gate,low_noise,tail 50,50,-4.194599107758145,-4.194599107758145,0.0,0.15831686825741015,0.0,0.050625,nan,nan,0.0
Cold start + gate,old_noise,BC,20,-170.00618105855497,-170.18914536373217,0.1829643051772304,1.5436824541543703,0.013000000000000001,0.0,0.9576470642733956,nan,0.011958170409059825
Cold start + gate,old_noise,handoff,5,-11.732754370265287,-11.9314406684754,0.1986862982101138,0.3990350550052593,0.00525,0.0,0.62378944388006,0.6700907949791012,0.008624598983759746
Cold start + gate,old_noise,early full,50,-7.538844188485264,-8.361003762968338,0.8221595744830723,0.22620662174264275,0.011575000000000002,0.0,nan,nan,0.03371794154434982
Cold start + gate,old_noise,mid full,175,-5.586430627344838,-7.048173539867825,1.4617429125229866,0.1771405063028139,0.021664285714285712,0.0,nan,nan,0.06654397967215604
Cold start + gate,old_noise,tail 50,50,-5.012522211831621,-7.146292687722466,2.1337704758908465,0.17057990499677078,0.044275,0.0,nan,nan,0.1046671094188167
Cold start + gate,low_noise,BC,20,-20.431911448417985,-20.485723909473315,0.05381246105533163,0.4930686882647697,0.005375,0.0,0.04917683257382686,nan,0.00025686595664358694
Cold start + gate,low_noise,handoff,5,-7.437367539317194,-7.647278012074293,0.20991047275709845,0.2697363065715625,0.002,0.0,0.12468647493144343,0.18976368735910426,0.008074479588706768
Cold start + gate,low_noise,early full,50,-7.304209649998091,-8.048340380896251,0.7441307308981594,0.21269426454255505,0.009475,0.0,nan,nan,0.030573986410392443
Cold start + gate,low_noise,mid full,175,-5.4693212746180055,-6.668896195808466,1.1995749211904574,0.17718063794846384,0.01872857142857143,0.0,nan,nan,0.05536756180767691
Cold start + gate,low_noise,tail 50,50,-4.895649726180252,-6.590201980875314,1.6945522546950622,0.17287873217300845,0.032475000000000004,0.0,nan,nan,0.07801653014707453
Cold start no gate,old_noise,BC,20,-113.19027046922574,-113.19027046922574,0.0,1.3022960415296387,0.0,0.01975,0.9622710900058379,nan,0.0
Cold start no gate,old_noise,handoff,5,-10.242647829164156,-10.242647829164156,0.0,0.32442167575920966,0.0,0.0095,0.5873936620341204,0.6576517144173989,0.0
Cold start no gate,old_noise,early full,50,-7.029102048164421,-7.029102048164421,0.0,0.20283439833260883,0.0,0.009899999999999999,nan,nan,0.0
Cold start no gate,old_noise,mid full,175,-4.816123048696446,-4.816123048696446,0.0,0.1661007451221276,0.0,0.03421428571428572,nan,nan,0.0
Cold start no gate,old_noise,tail 50,50,-3.978708635153989,-3.978708635153989,0.0,0.15613125665530864,0.0,0.078875,nan,nan,0.0
Cold start no gate,low_noise,BC,20,-12.726814986933658,-12.726814986933658,0.0,0.3817941758716794,0.0,0.0260625,0.04919048985678821,nan,0.0
Cold start no gate,low_noise,handoff,5,-7.90220764187342,-7.90220764187342,0.0,0.28144572902463666,0.0,0.015750000000000004,0.14156013921863195,0.21001156797254167,0.0
Cold start no gate,low_noise,early full,50,-6.887927138092889,-6.887927138092889,0.0,0.20913956681188384,0.0,0.009375,nan,nan,0.0
Cold start no gate,low_noise,mid full,175,-4.8358201011612385,-4.8358201011612385,0.0,0.16591167392746867,0.0,0.03303571428571427,nan,nan,0.0
Cold start no gate,low_noise,tail 50,50,-3.9635606144811018,-3.9635606144811018,0.0,0.1558593130763616,0.0,0.0751,nan,nan,0.0
